<metadata xml:lang="en"><Esri><CreaDate>20231103</CreaDate><CreaTime>11404300</CreaTime><ArcGISFormat>1.0</ArcGISFormat><ArcGISstyle>ISO 19139 Metadata Implementation Specification GML3.2</ArcGISstyle><SyncOnce>FALSE</SyncOnce><DataProperties><itemProps><itemName Sync="TRUE">RBI KABKOT </itemName><itemLocation><linkage Sync="TRUE">file://\\LAPTOP-R5RDAB2R\D$\BOOTCAMP MAPID\Task 1\NGOLAH LAGI\SHP WGS\RBI KABKOT .shp</linkage><protocol Sync="TRUE">Local Area Network</protocol></itemLocation><nativeExtBox><westBL Sync="TRUE">94.971911</westBL><eastBL Sync="TRUE">141.020042</eastBL><southBL Sync="TRUE">-11.007615</southBL><northBL Sync="TRUE">6.076832</northBL><exTypeCode Sync="TRUE">1</exTypeCode></nativeExtBox><imsContentType Sync="TRUE" export="False">002</imsContentType><itemSize Sync="TRUE">0.000</itemSize></itemProps><coordRef><type Sync="TRUE">Geographic</type><geogcsn Sync="TRUE">GCS_WGS_1984</geogcsn><csUnits Sync="TRUE">Angular Unit: Degree (0.017453)</csUnits><peXml Sync="TRUE">&lt;GeographicCoordinateSystem xsi:type='typens:GeographicCoordinateSystem' xmlns:xsi='http://www.w3.org/2001/XMLSchema-instance' xmlns:xs='http://www.w3.org/2001/XMLSchema' xmlns:typens='http://www.esri.com/schemas/ArcGIS/10.7'&gt;&lt;WKT&gt;GEOGCS[&amp;quot;GCS_WGS_1984&amp;quot;,DATUM[&amp;quot;D_WGS_1984&amp;quot;,SPHEROID[&amp;quot;WGS_1984&amp;quot;,6378137.0,298.257223563]],PRIMEM[&amp;quot;Greenwich&amp;quot;,0.0],UNIT[&amp;quot;Degree&amp;quot;,0.0174532925199433]],VERTCS[&amp;quot;EGM2008_Geoid&amp;quot;,VDATUM[&amp;quot;EGM2008_Geoid&amp;quot;],PARAMETER[&amp;quot;Vertical_Shift&amp;quot;,0.0],PARAMETER[&amp;quot;Direction&amp;quot;,1.0],UNIT[&amp;quot;Meter&amp;quot;,1.0]]&lt;/WKT&gt;&lt;XOrigin&gt;-400&lt;/XOrigin&gt;&lt;YOrigin&gt;-400&lt;/YOrigin&gt;&lt;XYScale&gt;11258999068426.238&lt;/XYScale&gt;&lt;ZOrigin&gt;-100000&lt;/ZOrigin&gt;&lt;ZScale&gt;10000&lt;/ZScale&gt;&lt;MOrigin&gt;-100000&lt;/MOrigin&gt;&lt;MScale&gt;10000&lt;/MScale&gt;&lt;XYTolerance&gt;8.983152841195215e-09&lt;/XYTolerance&gt;&lt;ZTolerance&gt;0.001&lt;/ZTolerance&gt;&lt;MTolerance&gt;0.001&lt;/MTolerance&gt;&lt;HighPrecision&gt;true&lt;/HighPrecision&gt;&lt;LeftLongitude&gt;-180&lt;/LeftLongitude&gt;&lt;WKID&gt;4326&lt;/WKID&gt;&lt;LatestWKID&gt;4326&lt;/LatestWKID&gt;&lt;VCSWKID&gt;105790&lt;/VCSWKID&gt;&lt;LatestVCSWKID&gt;3855&lt;/LatestVCSWKID&gt;&lt;/GeographicCoordinateSystem&gt;</peXml></coordRef><lineage><Process ToolSource="c:\program files (x86)\arcgis\desktop10.2\ArcToolbox\Toolboxes\Data Management Tools.tbx\CalculateField" Date="20210519" Time="004141" Name="" export="">CalculateField KOMPILASI_20210517\ADMINISTRASI_AR_KABKOTA_V1_CLIP NAMOBJ "_PEMUTAKHIRAN GARIS PANTAI" VB #</Process><Process ToolSource="c:\program files (x86)\arcgis\desktop10.2\ArcToolbox\Toolboxes\Data Management Tools.tbx\CalculateField" Date="20210622" Time="145753" Name="" export="">CalculateField KOMPILASI_20210517\ADMINISTRASI_AR_KABKOTA_V1_CLIP WADMKK [NAMOBJ] VB #</Process><Process ToolSource="c:\program files (x86)\arcgis\desktop10.7\ArcToolbox\Toolboxes\Data Management Tools.tbx\CalculateField" Date="20210806" Time="142341" Name="" export="">CalculateField ADMINISTRASI_AR_KABKOTA METADATA "TASWIL5000020210531KABKOTA" VB #</Process><Process ToolSource="c:\program files (x86)\arcgis\desktop10.7\ArcToolbox\Toolboxes\Data Management Tools.tbx\CalculateField" Date="20210806" Time="143039" Name="" export="">CalculateField ADMINISTRASI_AR_KABKOTA SRS_ID 4326 VB #</Process><Process ToolSource="c:\program files (x86)\arcgis\desktop10.7\ArcToolbox\Toolboxes\Data Management Tools.tbx\CalculateField" Date="20220829" Time="112954" Name="" export="">CalculateField ADMINISTRASI_AR_KABKOTA KDEPUM "" VB #</Process><Process ToolSource="c:\program files (x86)\arcgis\desktop10.7\ArcToolbox\Toolboxes\Data Management Tools.tbx\CalculateField" Date="20220829" Time="143833" Name="" export="">CalculateField ADMINISTRASI_AR_KABKOTA SRS_ID 4326 VB #</Process><Process ToolSource="c:\program files (x86)\arcgis\desktop10.7\ArcToolbox\Toolboxes\Data Management Tools.tbx\CalculateField" Date="20220829" Time="144139" Name="" export="">CalculateField ADMINISTRASI_AR_KABKOTA WIADPR "Papua" VB #</Process><Process ToolSource="c:\program files (x86)\arcgis\desktop10.7\ArcToolbox\Toolboxes\Data Management Tools.tbx\CalculateField" Date="20220829" Time="145536" Name="" export="">CalculateField ADMINISTRASI_AR_KABKOTA WIADPR "Sumatera Selatan" VB #</Process><Process ToolSource="c:\program files (x86)\arcgis\desktop10.7\ArcToolbox\Toolboxes\Data Management Tools.tbx\CalculateField" Date="20220829" Time="150935" Name="" export="">CalculateField ADMINISTRASI_AR_KABKOTA WIADPR "Kalimantan Selatan" VB #</Process><Process ToolSource="c:\program files (x86)\arcgis\desktop10.7\ArcToolbox\Toolboxes\Data Management Tools.tbx\CalculateField" Date="20220829" Time="151412" Name="" export="">CalculateField ADMINISTRASI_AR_KABKOTA WIADPR "Kalimantan Timur" VB #</Process><Process ToolSource="c:\program files (x86)\arcgis\desktop10.7\ArcToolbox\Toolboxes\Data Management Tools.tbx\CalculateField" Date="20220829" Time="151616" Name="" export="">CalculateField ADMINISTRASI_AR_KABKOTA WIADPR "Sulawesi Utara" VB #</Process><Process ToolSource="c:\program files (x86)\arcgis\desktop10.7\ArcToolbox\Toolboxes\Data Management Tools.tbx\CalculateField" Date="20220829" Time="151732" Name="" export="">CalculateField ADMINISTRASI_AR_KABKOTA WIADPR "Sulawesi Utara" VB #</Process><Process ToolSource="c:\program files (x86)\arcgis\desktop10.7\ArcToolbox\Toolboxes\Data Management Tools.tbx\CalculateField" Date="20220829" Time="151904" Name="" export="">CalculateField ADMINISTRASI_AR_KABKOTA WIADPR "" VB #</Process><Process ToolSource="c:\program files (x86)\arcgis\desktop10.7\ArcToolbox\Toolboxes\Data Management Tools.tbx\CalculateField" Date="20220829" Time="152112" Name="" export="">CalculateField ADMINISTRASI_AR_KABKOTA WIADPR "Sulawesi Selatan" VB #</Process><Process ToolSource="c:\program files (x86)\arcgis\desktop10.7\ArcToolbox\Toolboxes\Data Management Tools.tbx\CalculateField" Date="20220829" Time="154735" Name="" export="">CalculateField ADMINISTRASI_AR_KABKOTA WIADPR "Maluku" VB #</Process><Process ToolSource="c:\program files (x86)\arcgis\desktop10.7\ArcToolbox\Toolboxes\Data Management Tools.tbx\CalculateField" Date="20220829" Time="162944" Name="" export="">CalculateField ADMINISTRASI_AR_KABKOTA WIADPR "Papua" VB #</Process><Process ToolSource="c:\program files (x86)\arcgis\desktop10.7\ArcToolbox\Toolboxes\Data Management Tools.tbx\CalculateField" Date="20220829" Time="164335" Name="" export="">CalculateField ADMINISTRASI_AR_KABKOTA WIADPR "" VB #</Process><Process ToolSource="c:\program files (x86)\arcgis\desktop10.7\ArcToolbox\Toolboxes\Data Management Tools.tbx\CalculateField" Date="20220829" Time="171046" Name="" export="">CalculateField ADMINISTRASI_AR_KABKOTA METADATA "" VB #</Process><Process ToolSource="c:\program files (x86)\arcgis\desktop10.7\ArcToolbox\Toolboxes\Data Management Tools.tbx\CalculateField" Date="20220829" Time="171334" Name="" export="">CalculateField ADMINISTRASI_AR_KABKOTA Selisih_2021_2022 "[LUASWH]- [Luas_2022]" VB #</Process><Process ToolSource="c:\program files (x86)\arcgis\desktop10.7\ArcToolbox\Toolboxes\Data Management Tools.tbx\CalculateField" Date="20220921" Time="154810" Name="" export="">CalculateField ADMINISTRASI_AR_KABKOTA METADATA "TASWIL5000020220921KABKOTA" VB #</Process><Process ToolSource="c:\program files (x86)\arcgis\desktop10.8\ArcToolbox\Toolboxes\Data Management Tools.tbx\CalculateField" Date="20230704" Time="162100" Name="" export="">CalculateField ADMINSITRASI_AR_KABKOTA WADMPR "Papua Barat Daya" VB #</Process><Process ToolSource="c:\program files (x86)\arcgis\desktop10.8\ArcToolbox\Toolboxes\Data Management Tools.tbx\CalculateField" Date="20230721" Time="162650" Name="" export="">CalculateField ADMINSITRASI_AR_KABKOTA2023 WADMKK [NAMOBJ] VB #</Process><Process ToolSource="c:\program files (x86)\arcgis\desktop10.8\ArcToolbox\Toolboxes\Data Management Tools.tbx\CalculateField" Date="20231017" Time="133644">CalculateField ADMINISTRASI_AR_KABKOTA METADATA "TASWIL50000202230907KABKOTA" VB #</Process><Process ToolSource="c:\program files (x86)\arcgis\desktop10.8\ArcToolbox\Toolboxes\Data Management Tools.tbx\CalculateField" Date="20231017" Time="133822">CalculateField ADMINISTRASI_AR_KABKOTA FCODE "BA03050040" VB #</Process><Process ToolSource="c:\program files (x86)\arcgis\desktop10.8\ArcToolbox\Toolboxes\Data Management Tools.tbx\CalculateField" Date="20231017" Time="142840">CalculateField ADMINISTRASI_AR_KABKOTA METADATA "TASWIL5000020230907KABKOTA" VB #</Process></lineage></DataProperties><SyncDate>20250808</SyncDate><SyncTime>00140400</SyncTime><ModDate>20250808</ModDate><ModTime>00140400</ModTime><scaleRange><minScale>20000000</minScale><maxScale>5000</maxScale></scaleRange><ArcGISProfile>ISO19139</ArcGISProfile></Esri><eainfo><detailed Name="RBI KABKOT " xmlns=""><enttyp><enttypl Sync="TRUE">RBI KABKOT </enttypl><enttypt Sync="TRUE">Feature Class</enttypt><enttypc Sync="TRUE">0</enttypc></enttyp><attr><attrlabl Sync="TRUE">FID</attrlabl><attalias Sync="TRUE">FID</attalias><attrtype Sync="TRUE">OID</attrtype><attwidth Sync="TRUE">4</attwidth><atprecis Sync="TRUE">0</atprecis><attscale Sync="TRUE">0</attscale><attrdef Sync="TRUE">Internal feature number.</attrdef><attrdefs Sync="TRUE">Esri</attrdefs><attrdomv><udom Sync="TRUE">Sequential unique whole numbers that are automatically generated.</udom></attrdomv></attr><attr xmlns=""><attrlabl Sync="TRUE">SHAPE</attrlabl><attalias Sync="TRUE">Shape</attalias><attrtype Sync="TRUE">Geometry</attrtype><attwidth Sync="TRUE">0</attwidth><atprecis Sync="TRUE">0</atprecis><attscale Sync="TRUE">0</attscale><attrdef Sync="TRUE">Feature geometry.</attrdef><attrdefs Sync="TRUE">Esri</attrdefs><attrdomv><udom Sync="TRUE">Coordinates defining the features.</udom></attrdomv></attr><attr xmlns=""><attrlabl Sync="TRUE">NAMOBJ</attrlabl><attalias Sync="TRUE">NAMOBJ</attalias><attrtype Sync="TRUE">String</attrtype><attwidth Sync="TRUE">250</attwidth><atprecis Sync="TRUE">0</atprecis><attscale Sync="TRUE">0</attscale></attr><attr xmlns=""><attrlabl Sync="TRUE">FCODE</attrlabl><attalias Sync="TRUE">FCODE</attalias><attrtype Sync="TRUE">String</attrtype><attwidth Sync="TRUE">50</attwidth><atprecis Sync="TRUE">0</atprecis><attscale Sync="TRUE">0</attscale></attr><attr xmlns=""><attrlabl Sync="TRUE">REMARK</attrlabl><attalias Sync="TRUE">REMARK</attalias><attrtype Sync="TRUE">String</attrtype><attwidth Sync="TRUE">250</attwidth><atprecis Sync="TRUE">0</atprecis><attscale Sync="TRUE">0</attscale></attr><attr xmlns=""><attrlabl Sync="TRUE">METADATA</attrlabl><attalias Sync="TRUE">METADATA</attalias><attrtype Sync="TRUE">String</attrtype><attwidth Sync="TRUE">50</attwidth><atprecis Sync="TRUE">0</atprecis><attscale Sync="TRUE">0</attscale></attr><attr xmlns=""><attrlabl Sync="TRUE">SRS_ID</attrlabl><attalias Sync="TRUE">SRS_ID</attalias><attrtype Sync="TRUE">String</attrtype><attwidth Sync="TRUE">50</attwidth><atprecis Sync="TRUE">0</atprecis><attscale Sync="TRUE">0</attscale></attr><attr xmlns=""><attrlabl Sync="TRUE">KDBBPS</attrlabl><attalias Sync="TRUE">KDBBPS</attalias><attrtype Sync="TRUE">String</attrtype><attwidth Sync="TRUE">50</attwidth><atprecis Sync="TRUE">0</atprecis><attscale Sync="TRUE">0</attscale></attr><attr xmlns=""><attrlabl Sync="TRUE">KDCBPS</attrlabl><attalias Sync="TRUE">KDCBPS</attalias><attrtype Sync="TRUE">String</attrtype><attwidth Sync="TRUE">50</attwidth><atprecis Sync="TRUE">0</atprecis><attscale Sync="TRUE">0</attscale></attr><attr xmlns=""><attrlabl Sync="TRUE">KDCPUM</attrlabl><attalias Sync="TRUE">KDCPUM</attalias><attrtype Sync="TRUE">String</attrtype><attwidth Sync="TRUE">50</attwidth><atprecis Sync="TRUE">0</atprecis><attscale Sync="TRUE">0</attscale></attr><attr xmlns=""><attrlabl Sync="TRUE">KDEBPS</attrlabl><attalias Sync="TRUE">KDEBPS</attalias><attrtype Sync="TRUE">String</attrtype><attwidth Sync="TRUE">50</attwidth><atprecis Sync="TRUE">0</atprecis><attscale Sync="TRUE">0</attscale></attr><attr xmlns=""><attrlabl Sync="TRUE">KDEPUM</attrlabl><attalias Sync="TRUE">KDEPUM</attalias><attrtype Sync="TRUE">String</attrtype><attwidth Sync="TRUE">50</attwidth><atprecis Sync="TRUE">0</atprecis><attscale Sync="TRUE">0</attscale></attr><attr xmlns=""><attrlabl Sync="TRUE">KDPBPS</attrlabl><attalias Sync="TRUE">KDPBPS</attalias><attrtype Sync="TRUE">String</attrtype><attwidth Sync="TRUE">50</attwidth><atprecis Sync="TRUE">0</atprecis><attscale Sync="TRUE">0</attscale></attr><attr xmlns=""><attrlabl Sync="TRUE">KDPKAB</attrlabl><attalias Sync="TRUE">KDPKAB</attalias><attrtype Sync="TRUE">String</attrtype><attwidth Sync="TRUE">50</attwidth><atprecis Sync="TRUE">0</atprecis><attscale Sync="TRUE">0</attscale></attr><attr xmlns=""><attrlabl Sync="TRUE">KDPPUM</attrlabl><attalias Sync="TRUE">KDPPUM</attalias><attrtype Sync="TRUE">String</attrtype><attwidth Sync="TRUE">50</attwidth><atprecis Sync="TRUE">0</atprecis><attscale Sync="TRUE">0</attscale></attr><attr xmlns=""><attrlabl Sync="TRUE">LUASWH</attrlabl><attalias Sync="TRUE">LUASWH</attalias><attrtype Sync="TRUE">Double</attrtype><attwidth Sync="TRUE">19</attwidth><atprecis Sync="TRUE">0</atprecis><attscale Sync="TRUE">0</attscale></attr><attr xmlns=""><attrlabl Sync="TRUE">TIPADM</attrlabl><attalias Sync="TRUE">TIPADM</attalias><attrtype Sync="TRUE">Integer</attrtype><attwidth Sync="TRUE">10</attwidth><atprecis Sync="TRUE">10</atprecis><attscale Sync="TRUE">0</attscale></attr><attr xmlns=""><attrlabl Sync="TRUE">WADMKC</attrlabl><attalias Sync="TRUE">WADMKC</attalias><attrtype Sync="TRUE">String</attrtype><attwidth Sync="TRUE">50</attwidth><atprecis Sync="TRUE">0</atprecis><attscale Sync="TRUE">0</attscale></attr><attr xmlns=""><attrlabl Sync="TRUE">WADMKD</attrlabl><attalias Sync="TRUE">WADMKD</attalias><attrtype Sync="TRUE">String</attrtype><attwidth Sync="TRUE">50</attwidth><atprecis Sync="TRUE">0</atprecis><attscale Sync="TRUE">0</attscale></attr><attr xmlns=""><attrlabl Sync="TRUE">WADMKK</attrlabl><attalias Sync="TRUE">WADMKK</attalias><attrtype Sync="TRUE">String</attrtype><attwidth Sync="TRUE">50</attwidth><atprecis Sync="TRUE">0</atprecis><attscale Sync="TRUE">0</attscale></attr><attr xmlns=""><attrlabl Sync="TRUE">WADMPR</attrlabl><attalias Sync="TRUE">WADMPR</attalias><attrtype Sync="TRUE">String</attrtype><attwidth Sync="TRUE">50</attwidth><atprecis Sync="TRUE">0</atprecis><attscale Sync="TRUE">0</attscale></attr><attr xmlns=""><attrlabl Sync="TRUE">WIADKC</attrlabl><attalias Sync="TRUE">WIADKC</attalias><attrtype Sync="TRUE">String</attrtype><attwidth Sync="TRUE">50</attwidth><atprecis Sync="TRUE">0</atprecis><attscale Sync="TRUE">0</attscale></attr><attr xmlns=""><attrlabl Sync="TRUE">WIADKK</attrlabl><attalias Sync="TRUE">WIADKK</attalias><attrtype Sync="TRUE">String</attrtype><attwidth Sync="TRUE">50</attwidth><atprecis Sync="TRUE">0</atprecis><attscale Sync="TRUE">0</attscale></attr><attr xmlns=""><attrlabl Sync="TRUE">WIADPR</attrlabl><attalias Sync="TRUE">WIADPR</attalias><attrtype Sync="TRUE">String</attrtype><attwidth Sync="TRUE">50</attwidth><atprecis Sync="TRUE">0</atprecis><attscale Sync="TRUE">0</attscale></attr><attr xmlns=""><attrlabl Sync="TRUE">WIADKD</attrlabl><attalias Sync="TRUE">WIADKD</attalias><attrtype Sync="TRUE">Integer</attrtype><attwidth Sync="TRUE">5</attwidth><atprecis Sync="TRUE">5</atprecis><attscale Sync="TRUE">0</attscale></attr><attr><attrlabl Sync="TRUE">SHAPE_Leng</attrlabl><attalias Sync="TRUE">SHAPE_Leng</attalias><attrtype Sync="TRUE">Double</attrtype><attwidth Sync="TRUE">19</attwidth><atprecis Sync="TRUE">0</atprecis><attscale Sync="TRUE">0</attscale></attr><attr xmlns=""><attrlabl Sync="TRUE">SHAPE_Area</attrlabl><attalias Sync="TRUE">SHAPE_Area</attalias><attrtype Sync="TRUE">Double</attrtype><attwidth Sync="TRUE">19</attwidth><atprecis Sync="TRUE">0</atprecis><attscale Sync="TRUE">0</attscale><attrdef Sync="TRUE">Area of feature in internal units squared.</attrdef><attrdefs Sync="TRUE">Esri</attrdefs><attrdomv><udom Sync="TRUE">Positive real numbers that are automatically generated.</udom></attrdomv></attr></detailed></eainfo><mdFileID>TASWIL5000020230907KABKOTA</mdFileID><mdLang><languageCode value="ind"/><countryCode value="IDN" Sync="TRUE"/></mdLang><mdChar><CharSetCd value="004"/></mdChar><mdHrLv><ScopeCd value="005"/></mdHrLv><mdHrLvName Sync="TRUE">dataset</mdHrLvName><mdContact xmlns=""><rpIndName>Astrit Rimayanti</rpIndName><rpOrgName>Pusat Pemetaan Batas Wilayah</rpOrgName><rpPosName>Kepala Pusat Pemetaan Batas Wilayah</rpPosName><role><RoleCd value="011"/></role></mdContact><mdDateSt Sync="FALSE">20230907</mdDateSt><mdStanName>ArcGIS Metadata</mdStanName><mdStanVer>1.0</mdStanVer><dataIdInfo><idCitation xmlns=""><resTitle Sync="FALSE">ADMINSITRASI_AR_KABKOTA</resTitle><date><reviseDate>2023-09-07T00:00:00</reviseDate></date><resEd>Edisi Tahun 2023</resEd><resEdDate>20230907</resEdDate><citRespParty xmlns=""><rpIndName>Astrit Rimayanti</rpIndName><rpOrgName>Pusat Pemetaan Batas Wilayah</rpOrgName><rpPosName>Kepala Pusat Pemetaan Batas Wilayah</rpPosName><role><RoleCd value="001"/></role></citRespParty><presForm xmlns=""><PresFormCd value="005" Sync="TRUE"/></presForm></idCitation><idAbs>&lt;DIV STYLE="text-align:Left;"&gt;&lt;DIV&gt;&lt;DIV&gt;&lt;P&gt;&lt;SPAN&gt;Geodatabase data batas wilayah administrasi kabupaten/kota edisi September 2023 (merupakan pemutakhiran dari geodatabase batas wilayah administrasi kabupaten/kota bulan Desember tahun 2022. &lt;/SPAN&gt;&lt;SPAN&gt;Proses pemutakhiran yang dilakukan antara lain pemutakhiran segmen batas daerah hasil kesepakatan dan yang telah ditetapkan melalui Permendagri, penyesuaian alokasi wilayah administrasi di wilayah Papua, penyesuaian alokasi pulau dan wilayah terapung.&lt;/SPAN&gt;&lt;/P&gt;&lt;P&gt;&lt;SPAN&gt;Sumber data yang digunakan untuk fitur area batas wilayah administrasi antara lain:(1) Data batas wilayah provinsi dan kabupaten/kota yang belum ditegaskan dari data peta Rupabumi Indonesia skala 1:25.000 dan 1:50.000; (2) Data batas wilayah administrasi kabupaten/kota yang belum ditegaskan hasil kegiatan ajudikasi batas kabupaten/kota tahun 2013 dan 2014; (3) Data batas daerah hasil kesepakatan yang bersumber dari data digital Kemendagri edisi April 2023 untuk wilayah Sumatera, Kalimantan, Jawa, Bali Nusa Tenggara, Maluku, dan Papua; (4) Data batas daerah yang telah ditetapkan dalam Peraturan Menteri Dalam Negeri.&lt;/SPAN&gt;&lt;/P&gt;&lt;P&gt;&lt;SPAN&gt;Sumber data yang digunakan untuk fitur wilayah administrasi antara lain: (1) Unsur batas wilayah administrasi kabupaten/kota (ADMINISTRASI_LN); (2) IGD Garis Pantai dari Pusat Pemetaan Kelautan dan Lingkungan Pantai edisi Tahun 2022, yang merupakan pemutakhiran garis pantai penetapan tahun 2021; (3) Data batas negara edisi Agustus 2018. &lt;/SPAN&gt;&lt;/P&gt;&lt;P&gt;&lt;SPAN&gt;Data ini masih terdapat kesalahan topologi pada fitur ADMINISTRASI_LN yang disebabkan oleh garis batas wilayah yang telah ditetapkan dalam Permendagri masih ada yang saling berpotongan dan ujung batasnya masih menggantung atau belum terhubung dengan ujung batas lainnya.&lt;/SPAN&gt;&lt;/P&gt;&lt;/DIV&gt;&lt;/DIV&gt;&lt;/DIV&gt;</idAbs><idPoC xmlns=""><rpIndName>Astrit Rimayanti</rpIndName><rpOrgName>Pusat Pemetaan Batas Wilayah</rpOrgName><rpPosName>Kepala Pusat Pemetaan Batas Wilayah</rpPosName><role><RoleCd value="001"/></role></idPoC><resMaint xmlns=""><maintFreq><MaintFreqCd value="008"/></maintFreq><maintScp><ScopeCd value="001"/></maintScp><maintScp><ScopeCd value="009"/></maintScp></resMaint><otherKeys xmlns=""><keyword>Wilayah Administrasi Kabupaten/Kota Indonesia</keyword></otherKeys><searchKeys><keyword>Wilayah Administrasi Kabupaten/Kota Indonesia</keyword></searchKeys><resConst><Consts xmlns=""><useLimit>&lt;DIV STYLE="text-align:Left;"&gt;&lt;DIV&gt;&lt;DIV&gt;&lt;P&gt;&lt;SPAN&gt;Data batas yang berstatus indikatif tidak dapat dijadikan referensi hukum.&lt;/SPAN&gt;&lt;/P&gt;&lt;/DIV&gt;&lt;/DIV&gt;&lt;/DIV&gt;</useLimit></Consts></resConst><spatRpType><SpatRepTypCd value="001"/></spatRpType><dataScale xmlns=""><equScale><rfDenom>50000</rfDenom></equScale></dataScale><dataLang><languageCode value="ind"/><countryCode value="IDN" Sync="TRUE"/></dataLang><dataChar><CharSetCd value="004"/></dataChar><envirDesc Sync="TRUE"> Version 6.2 (Build 9200) ; Esri ArcGIS 10.8.0.12790</envirDesc><dataExt xmlns=""><geoEle xmlns=""><GeoBndBox esriExtentType="search"><exTypeCode Sync="TRUE">1</exTypeCode><westBL Sync="TRUE">94.971911</westBL><eastBL Sync="TRUE">141.020042</eastBL><northBL Sync="TRUE">6.076832</northBL><southBL Sync="TRUE">-11.007615</southBL></GeoBndBox></geoEle></dataExt><tpCat><TopicCatCd value="003"/></tpCat></dataIdInfo><appSchInfo xmlns=""><asSchLang>xml</asSchLang></appSchInfo><mdMaint xmlns=""><maintFreq><MaintFreqCd value="008"/></maintFreq><maintScp><ScopeCd value="001"/></maintScp><maintScp><ScopeCd value="009"/></maintScp></mdMaint><dqInfo xmlns=""><dqScope><scpLvl><ScopeCd value="005"/></scpLvl></dqScope><dataLineage><statement>Data ini merupakan kompilasi batas wilayah administrasi kabupaten/kota dari berbagai sumber data.</statement><prcStep xmlns=""><stepDesc>Geodatabase data batas wilayah administrasi kabupaten/kota edisi September 2023 merupakan pemutakhiran geodatabase batas wilayah administrasi kabupaten/kota edisi Desember tahun 2022. Proses pemutakhiran yang dilakukan antara lain pembaharuan data batas daerah yang telah ditetapkan dalam Peraturan Menteri Dalam Negeri hingga tahun 2022, hasil kesepakatan hingga April 2023, dan pemutakhiran garis pantai edisi tahun 2022, penyesuaian alokasi wilayah administrasi pulau dan wilayah terapung.</stepDesc></prcStep><dataSource xmlns="" type=""><srcDesc>Sumber data yang digunakan untuk fitur garis batas wilayah administrasi antara lain:(1) Data batas wilayah provinsi dan kabupaten/kota yang belum ditegaskan dari data peta Rupabumi Indonesia skala 1:25.000 dan 1:50.000; (2) Data batas wilayah administrasi kabupaten/kota yang belum ditegaskan hasil kegiatan ajudikasi batas kabupaten/kota tahun 2013 dan 2014; (3) Data batas daerah hasil kesepakatan yang bersumber dari data digital Kemendagri edisi April 2023 untuk wilayah Sumatera, Kalimantan, Jawa, Bali Nusa Tenggara, Maluku, dan Papua; (4) Data batas daerah yang telah ditetapkan dalam Peraturan Menteri Dalam Negeri.

Sumber data yang digunakan untuk fitur wilayah administrasi antara lain: (1) Unsur batas wilayah administrasi kabupaten/kota (ADMINISTRASI_LN); (2) IGD Garis Pantai dari Pusat Pemetaan Kelautan dan Lingkungan Pantai edisi Tahun 2022, yang merupakan pemutakhiran garis pantai penetapan tahun 2021; (3) Data batas negara edisi Agustus 2018.

Sumber data untuk alokasi wilayah administrasi pulau antara lain: - Kepmendagri 100.1.1-6117 tahun 2022 tentang Pemberian dan Pemutakhiran Kode, Data Wilayah Administrasi Pemerintahan dan Pulau Tahun 2022.</srcDesc></dataSource></dataLineage></dqInfo><spatRepInfo><VectSpatRep><geometObjs Name="RBI KABKOT "><geoObjTyp><GeoObjTypCd value="002" Sync="TRUE"></GeoObjTypCd></geoObjTyp><geoObjCnt Sync="TRUE">0</geoObjCnt></geometObjs><topLvl><TopoLevCd value="001" Sync="TRUE"></TopoLevCd></topLvl></VectSpatRep></spatRepInfo><refSysInfo><RefSystem dimension=""><refSysID xmlns=""><identCode code="EPSG 4326"/><idCodeSpace Sync="TRUE">EPSG</idCodeSpace><idVersion Sync="TRUE">6.14(3.0.1)</idVersion></refSysID></RefSystem></refSysInfo><contInfo><FetCatDesc xmlns=""><compCode>true</compCode><catLang><languageCode value="ind"/></catLang><incWithDS>true</incWithDS><catCitation xmlns=""><resTitle>Batas Wilayah Administrasi Kabupaten/Kota Indonesia</resTitle><date><reviseDate>2023-09-07T00:00:00</reviseDate></date><resEd>Edisi Tahun 2023</resEd><resEdDate>20230907</resEdDate></catCitation></FetCatDesc></contInfo><distInfo xmlns=""><distFormat xmlns=""><formatName Sync="TRUE">Shapefile</formatName><formatVer>1</formatVer></distFormat><distTranOps><transSize Sync="TRUE">0.000</transSize></distTranOps></distInfo><spdoinfo><ptvctinf><esriterm Name="RBI KABKOT "><efeatyp Sync="TRUE">Simple</efeatyp><efeageom code="4" Sync="TRUE"></efeageom><esritopo Sync="TRUE">FALSE</esritopo><efeacnt Sync="TRUE">0</efeacnt><spindex Sync="TRUE">FALSE</spindex><linrefer Sync="TRUE">TRUE</linrefer></esriterm></ptvctinf></spdoinfo></metadata>
